drop table if exists Libro;
drop table if exists Evaluador;
drop table if exists Puntaje;
create table Libro(LID int, titulo text, anio int, escritor text);
create table Evaluador(EID int, nombre text);
create table Puntaje(EID int, LID int, puntaje int, FechaEvaluacion date);

insert into Libro values(101, 'Cien años de soledad', 1939,'Gabriel Garcia Marquez');
insert into Libro values(102, 'Lolita', 1977,'Vladimir Nabokov');
insert into Libro values(103, 'Crimen y castigo', 1965,'Fiódor Dostoievski');
insert into Libro values(104, 'Orgullo y prejuicio', 1982,' Jane Austen');
insert into Libro values(105, 'Grandes Esperanzas', 1997,'Charles Dickens');
insert into Libro values(106, 'Romancero gitano', 1937,null);
insert into Libro values(107, 'El viejo y el mar', 2009,'Ernest Hemingway');
insert into Libro values(108, 'Ensayo sobre la ceguera', 1981,'Jose Saramago');
insert into Evaluador values(201, 'Juan Perez');
insert into Evaluador values(202, 'Carlos Intriago');
insert into Evaluador values(203, 'Martha Lopez');
insert into Evaluador values(204, 'Homero Lindao');
insert into Evaluador values(205, 'Laura Suarez');
insert into Evaluador values(206, 'Mercedes Cobos');
insert into Evaluador values(207, 'Jorge Saenz');
insert into Evaluador values(208, 'Ambar Mejia');
insert into Puntaje values(201, 101, 2, '2011-01-22');
insert into Puntaje values(201, 101, 4, '2011-01-27');
insert into Puntaje values(202, 106, 4, null);
insert into Puntaje values(203, 103, 2, '2011-01-20');
insert into Puntaje values(203, 108, 4, '2011-01-12');
insert into Puntaje values(203, 108, 2, '2011-01-30');
insert into Puntaje values(204, 101, 3, '2011-01-09');
insert into Puntaje values(205, 103, 3, '2011-01-27');
insert into Puntaje values(205, 104, 2, '2011-01-22');
insert into Puntaje values(205, 108, 4, null);
insert into Puntaje values(206, 107, 3, '2011-01-15');
insert into Puntaje values(206, 106, 5, '2011-01-19');
insert into Puntaje values(207, 107, 5, '2011-01-20');
insert into Puntaje values(208, 104, 3, '2011-01-02');